identifier,billingAddressLabel,billingAddressCountry,billingAddressCity,billingAddressRegion,billingAddressStreet,billingAddressPostalCode,shippingAddressLabel,shippingAddressCountry,shippingAddressCity,shippingAddressRegion,shippingAddressStreet,shippingAddressPostalCode,subtotal,total,currency,poNumber,paymentTerm,customerNotes,websiteName,sourceEntityClass,sourceEntityId
FR1012401,Billing Address 01,US,Rochester,US-NY,1215 Caldwell Road,14608,Shipping Address 01,US,Santa Monica,US-CA,713 Georgina Ave,90402,15535.88,15535.88,USD,CV032342USDD,net 30,"Please, call before delivery",Default,,
FR1012402,Billing Address 02,CA,Toronto,CA-ON,1900 Eglinton Ave E,M3H,Shipping Address 02,US,Culver City,US-CA,6001 W Centinela Ave,90233,20100,20100,USD,AB10100USD,net 60,"Please, contact sales",Default,Oro\Bundle\ShoppingListBundle\Entity\ShoppingList,1
FR1012403,Billing Address 03,IT,Pisa,IT-52,"Viale Benedetto Croce, 36",56125,Shipping Address 03,US,Oak Park,US-CA,5813 Hickory Dr,91377,99.99,99.99,USD,CV032341USDD,net 30,,Default,,
FR1012404,Billing Address 04,US,Rochester,US-NY,1215 Caldwell Road,14608,Shipping Address 04,US,Seal Beach,US-CA,800 Seal Beach Blvd,90740,5500.5,5500.5,USD,AB10101USD,net 60,,Default,,
FR1012405,Billing Address 05,CA,Toronto,CA-ON,1900 Eglinton Ave E,M3H,Shipping Address 05,US,Reseda,US-CA,18644 Sherman Way,91337,7800.99,7800.99,EUR,AB10103USD,net 90,,Default,,
FR1012406,Billing Address 06,US,Rochester,US-NY,1215 Caldwell Road,14608,Shipping Address 06,IT,Livorno,IT-52,Piazza Grande,57123,5600.5,5600.5,USD,RT104568EUR,net 60,,Default,,
FR1012407,Billing Address 07,CA,Toronto,CA-ON,1900 Eglinton Ave E,M3H,Shipping Address 07,CA,Toronto,CA-ON,1120 Birchmount Rd,M3C,7400.99,7400.99,EUR,RT104568000,net 90,,Default,,
